1,indie rock italiano
1,italian pop
2,australian hip hop
3,pop
4,pop
4,uk pop
5,lgbtq+ hip hop
5,pop rap
6,lgbtq+ hip hop
6,pop rap
7,dance pop
7,pop
8,puerto rican pop
8,trap latino
9,latin
9,reggaeton
9,trap latino
10,indie rock italiano
10,italian pop
11,dance pop
11,pop
11,uk pop
12,latin
12,reggaeton
12,reggaeton colombiano
13,k-pop
13,k-pop boy group
14,canadian pop
14,pop
14,post-teen pop
15,k-pop
15,k-pop boy group
16,pop
17,pop
18,canadian contemporary r&b
18,canadian pop
18,pop
19,latin
19,reggaeton
19,trap latino
20,dance pop
20,pop
21,reggaeton
21,trap latino
22,dance pop
22,pop
23,pop
24,gauze pop
24,indietronica
24,shiver pop
25,canadian contemporary r&b
25,canadian pop
25,pop
26,pop
27,latin
27,latin hip hop
27,reggaeton
27,trap latino
28,dfw rap
28,melodic rap
28,rap
29,dance pop
29,house
29,pop dance
29,tropical house
29,uk dance
30,australian hip hop
31,dance pop
31,pop
31,post-teen pop
32,dance pop
32,electropop
32,pop
32,post-teen pop
33,pop
34,colombian pop
34,latin
34,reggaeton
34,reggaeton colombiano
35,pop
35,post-teen pop
36,NA
37,chicago rap
38,dance pop
38,pop
39,latin
39,panamanian pop
39,reggaeton
39,trap latino
40,latin
40,reggaeton
40,trap latino
41,latin pop
41,pop argentino
42,pop
43,latin
43,reggaeton
43,reggaeton colombiano
44,k-pop
44,k-pop boy group
45,big room
45,brostep
45,dance pop
45,dutch edm
45,edm
45,electro house
45,house
45,pop dance
45,slap house
45,trance
45,tropical house
46,dance pop
46,edm
46,electro house
46,pop
46,pop dance
46,tropical house
47,cali rap
48,trap argentino
49,latin
49,latin hip hop
49,reggaeton
49,trap latino
50,NA
51,argentine hip hop
51,pop venezolano
51,trap argentino
51,trap latino
52,NA
53,electropop
53,pop
54,house
54,pop dance
54,uk dance
55,brostep
55,edm
55,pop
55,pop dance
55,progressive electro house
56,dreamo
56,indie surf
56,surf punk
56,vegas indie
57,NA
58,puerto rican pop
58,trap latino
59,pop
59,pop rock
60,dance pop
60,piano rock
60,pop
60,pop rock
61,houston rap
61,pop
61,pop rap
61,trap queen
62,german dance
62,german techno
62,german trance
62,trance
63,pop
64,canadian contemporary r&b
64,canadian pop
64,pop
65,pop
65,r&b
66,NA
67,NA
68,modern alternative rock
68,modern rock
68,pop
69,latin
69,reggaeton
69,reggaeton colombiano
70,pop
70,uk pop
71,canadian hip hop
71,toronto rap
72,brooklyn drill
72,nyc rap
73,latin
73,reggaeton
73,reggaeton colombiano
74,latin
74,reggaeton
74,trap latino
75,aussietronica
76,indie rock italiano
76,italian pop
77,colombian pop
77,pop
78,mexican hip hop
78,rap conciencia
79,reggaeton
79,trap latino
80,australian pop
80,pop
81,australian hip hop
82,canadian hip hop
82,canadian pop
82,hip hop
82,pop rap
82,rap
82,toronto rap
83,comic
84,NA
85,rap
85,slap house
86,dance pop
86,edm
86,pop
86,pop dance
86,tropical house
86,uk dance
87,dance pop
87,edm
87,pop
87,pop dance
87,tropical house
87,uk dance
88,melanesian pop
88,pacific islands pop
88,png pop
89,canadian hip hop
89,canadian trap
89,pop rap
89,rap
89,southern hip hop
89,trap
89,trap soul
89,underground hip hop
90,dutch pop
91,reggaeton
91,trap latino
92,dance pop
92,pop
92,post-teen pop
93,dfw rap
93,melodic rap
93,rap
94,german hip hop
95,latin
95,latin pop
95,rap latina
95,reggaeton
95,trap latino
96,NA
97,dance pop
97,pop
98,afrofuturism
98,dance pop
98,electropop
98,pop
98,pop rap
98,post-teen pop
99,uk hip hop
100,pop
100,uk pop
101,dance pop
101,pop
101,uk pop
102,alt z
102,dance pop
102,electropop
102,pop
102,post-teen pop
103,NA
104,modern rock
104,pop
104,rock
105,pop rap
105,rap
105,trap
106,dance pop
106,pop
106,post-teen pop
107,melodic rap
107,pop rap
107,rap
107,slap house
107,trap
108,latin
108,panamanian pop
108,reggaeton
108,trap latino
109,dance pop
109,latin
109,latin pop
109,latin viral pop
109,pop
109,rap latina
109,reggaeton
109,trap latino
110,NA
111,electropop
111,pop
112,NA
113,chill r&b
113,nyc pop
114,dance pop
114,pop
115,dance pop
115,edm
115,electro house
115,house
115,pop
115,progressive house
115,uk dance
116,sertanejo
116,sertanejo pop
116,sertanejo universitario
117,pop
117,uk pop
118,canadian pop
118,dance pop
118,pop
118,post-teen pop
118,viral pop
119,NA
120,pop
120,uk pop
121,latin pop
122,latin
122,reggaeton
122,trap latino
123,north carolina hip hop
123,rap
124,alt z
124,bedroom pop
124,electropop
124,indie pop
124,pop
124,post-teen pop
125,alt z
125,dance pop
125,pop
125,post-teen pop
126,dance pop
126,edm
126,pop
126,pop dance
127,folk-pop
127,modern rock
127,pop
127,pop rock
128,grunge
128,permanent wave
128,rock
129,pop
130,modern alternative rock
130,modern rock
130,pop
131,NA
132,melodic rap
132,rap
132,trap
133,pop
133,pop rock
134,pop
135,pop soul
136,irish singer-songwriter
136,modern rock
136,pop
137,modern rock
137,uk pop
138,sertanejo
138,sertanejo universitario
139,dance pop
139,pop
139,pop rap
139,rap
140,latin
140,reggaeton
140,reggaeton colombiano
141,pop
142,classic rock
142,glam rock
142,rock
143,trap latino
144,dance pop
144,edm
144,pop dance
144,pop house
144,tropical house
145,rap
145,slap house
146,edm
146,new french touch
146,pop dance
146,tropical house
147,colombian pop
147,reggaeton colombiano
148,dance pop
148,pop
148,post-teen pop
149,plugg
149,vapor trap
149,viral rap
150,NA
151,dance pop
151,piano rock
151,pop
151,pop rock
152,permanent wave
152,pop
153,NA
154,NA
155,dance pop
155,edm
155,pop
155,pop dance
156,forro
156,sertanejo pop
157,NA
158,brooklyn drill
159,art pop
159,norwegian pop
160,north carolina hip hop
160,rap
161,north carolina hip hop
161,rap
162,chicago rap
162,melodic rap
163,brooklyn drill
163,melodic rap
163,nyc rap
164,NA
165,NA
166,dance pop
166,pop
166,post-teen pop
167,brooklyn drill
168,pop
169,dance pop
169,pop
169,pop rap
169,rap
170,dance rock
170,modern rock
170,permanent wave
170,rock
171,album rock
171,art rock
171,classic rock
171,mellow gold
171,new wave
171,permanent wave
171,rock
171,soft rock
172,album rock
172,classic rock
172,mellow gold
172,rock
172,soft rock
172,yacht rock
173,pop
173,post-teen pop
173,talent show
173,uk pop
174,dance pop
174,pop
174,pop rap
174,post-teen pop
174,r&b
174,urban contemporary
175,brooklyn drill
176,brooklyn drill
177,sad rap
178,dance pop
178,pop
178,pop dance
178,post-teen pop
178,tropical house
178,uk pop
179,classic rock
179,glam rock
179,rock
180,canadian hip hop
180,canadian pop
180,hip hop
180,pop rap
180,rap
180,toronto rap
181,pop
181,post-teen pop
182,NA
183,contemporary country
183,country
183,country road
183,modern country rock
184,puerto rican pop
184,trap latino
185,neo soul
185,pop
185,pop soul
185,r&b
185,urban contemporary
186,chicago rap
187,brooklyn drill
188,cali rap
188,dance pop
188,pop
188,pop rap
188,trap queen
189,canadian contemporary r&b
189,canadian pop
189,pop
190,pop
190,pop rap
190,r&b
191,dance pop
191,pop
191,pop dance
191,post-teen pop
191,tropical house
191,uk pop
192,latin
192,reggaeton
192,trap latino
193,dance pop
193,pop
193,post-teen pop
194,NA
195,funk bh
195,funk carioca
196,dance pop
196,edm
196,german dance
196,pop dance
196,pop edm
196,tropical house
197,funk carioca
197,pop nacional
198,melodic rap
198,rap
198,trap
199,uk hip hop
200,detroit hip hop
200,hip hop
200,rap
201,brooklyn drill
202,brooklyn drill
203,melodic rap
203,rap
203,trap
204,brooklyn drill
205,brooklyn drill
206,uk hip hop
207,brooklyn drill
208,brooklyn drill
209,hip hop
209,rap
210,german alternative rap
210,german drill
210,german hip hop
210,german trap
211,london rap
212,brooklyn drill
213,latin
213,reggaeton
213,trap latino
214,italian hip hop
214,italian pop
215,dance pop
215,edm
215,pop dance
215,pop edm
215,slap house
215,tropical house
216,NA
217,neo mellow
217,pop rock
217,singer-songwriter
218,modern rock
218,pop
218,rock
219,funk carioca
219,funk ostentacao
219,funk paulista
220,pop rap
220,rap
220,trap
221,modern rock
221,pop
221,rock
222,dance pop
222,pop
222,uk pop
223,k-pop
223,k-pop boy group
224,latin
224,panamanian pop
224,reggaeton
224,trap latino
225,dance pop
225,pop
225,post-teen pop
226,hip hop
226,pop rap
226,queens hip hop
226,rap
226,sudanese pop
226,underground hip hop
227,pop
228,sertanejo
228,sertanejo pop
228,sertanejo universitario
229,k-pop
229,k-pop girl group
230,escape room
230,r&b
230,rap latina
230,trap queen
231,contemporary country
231,country road
232,latin
232,reggaeton
232,reggaeton flow
232,trap latino
233,funk carioca
233,funk paulista
233,rave funk
234,latin
234,reggaeton
234,reggaeton colombiano
235,puerto rican pop
235,trap latino
236,dance pop
236,edm
236,electropop
236,pop
236,pop dance
236,tropical house
237,beatlesque
237,britpop
237,madchester
237,permanent wave
237,rock
238,dmv rap
238,pop
238,r&b
238,rap
239,dance pop
239,pop
240,eau claire indie
240,folktronica
241,hip hop
241,rap
242,comic
243,hip hop
243,miami hip hop
243,pop rap
243,rap
243,southern hip hop
243,trap
244,NA
245,art pop
245,dance pop
245,electropop
245,metropopolis
245,nz pop
245,pop
245,post-teen pop
246,electropop
246,pop
247,frauenrap
247,german hip hop
247,german pop
248,nyc rap
249,sertanejo
249,sertanejo pop
249,sertanejo universitario
250,dance pop
250,pop
250,post-teen pop
251,dance pop
251,pop rap
252,puerto rican pop
252,trap latino
253,NA
254,argentine hip hop
254,pop venezolano
254,trap argentino
254,trap latino
255,garage rock
255,permanent wave
255,rock
255,sheffield indie
256,hip hop
256,rap
257,hip hop
257,rap
258,hip hop
258,rap
259,hip hop
259,rap
260,hip hop
260,rap
261,hip hop
261,rap
262,hip hop
262,rap
263,hip hop
263,rap
264,hip hop
264,rap
265,dance pop
265,pop
266,hip hop
266,rap
267,hip hop
267,rap
268,dance pop
268,pop
269,atl hip hop
269,pop rap
269,rap
269,trap
270,dance pop
270,pop
271,dance pop
271,pop
272,italian adult pop
272,italian pop
273,latin
273,reggaeton
273,reggaeton colombiano
274,nz pop
275,latin
275,reggaeton
275,reggaeton colombiano
276,reggaeton
277,alt z
277,dance pop
277,pop
277,post-teen pop
278,francoton
278,french hip hop
278,pop urbaine
278,rap francais
278,rap marseille
279,conscious hip hop
279,hip hop
279,north carolina hip hop
279,rap
280,conscious hip hop
280,hip hop
280,north carolina hip hop
280,rap
281,emo rap
281,miami hip hop
282,chicago rap
283,melodic rap
283,rap
283,trap
284,NA
285,modern rock
285,pop rap
285,seattle hip hop
286,NA
287,ohio hip hop
287,pop rap
288,dance pop
288,pop
288,post-teen pop
289,rap
289,slap house
290,dance pop
290,pop
290,uk pop
291,canadian hip hop
291,canadian pop
291,hip hop
291,pop rap
291,rap
291,toronto rap
292,dance pop
292,dutch edm
292,edm
292,pop
292,pop dance
292,progressive house
292,tropical house
293,dembow
293,dominican pop
293,rap dominicano
293,trap latino
294,alternative metal
294,nu metal
294,post-grunge
294,rap metal
295,conscious hip hop
295,hip hop
295,north carolina hip hop
295,rap
296,rap
296,slap house
297,dance pop
297,edm
297,electropop
297,pop
297,pop dance
297,tropical house
298,dance pop
298,edm
298,pop dance
298,pop edm
298,slap house
298,tropical house
299,atl hip hop
299,pop rap
299,rap
299,trap
300,chicago rap
301,chicago rap
302,pop
302,pop rock
303,atl hip hop
303,pop rap
303,rap
303,trap
304,dance pop
304,pop
305,atl hip hop
305,pop rap
305,rap
305,trap
306,dance pop
306,pop
306,pop rap
307,chicago rap
308,atl hip hop
308,pop rap
308,rap
308,trap
309,NA
310,latin
310,reggaeton
310,trap latino
311,funk 150 bpm
311,funk carioca
312,NA
313,lgbtq+ hip hop
313,pop rap
314,chicago rap
315,dance pop
315,pop
315,post-teen pop
316,atl hip hop
316,atl trap
316,rap
316,trap
317,neo mellow
317,pop rock
317,singer-songwriter
318,atl hip hop
318,atl trap
318,rap
318,trap
319,k-pop
319,k-pop boy group
320,conscious hip hop
320,hip hop
320,north carolina hip hop
320,rap
321,melodic rap
321,rap
321,trap
322,rap
322,trap
323,colombian pop
323,latin
323,reggaeton
323,reggaeton colombiano
323,trap latino
324,pop
324,post-teen pop
325,indie rock italiano
325,italian pop
326,NA
327,electropop
327,escape room
327,pop
328,detroit hip hop
328,hip hop
328,rap
329,electro house
329,pop nacional
329,slap house
330,chicago rap
330,melodic rap
331,chicago rap
331,melodic rap
332,k-pop
332,k-pop boy group
333,NA
334,detroit hip hop
334,hip hop
334,rap
335,melodic rap
335,rap
335,rap conscient
335,trap
335,vapor trap
336,australian pop
337,canadian pop
337,pop
337,post-teen pop
338,funk carioca
338,funk ostentacao
339,conscious hip hop
339,hip hop
339,north carolina hip hop
339,rap
340,k-pop
340,k-pop boy group
341,k-pop
341,k-pop boy group
342,eurovision
342,nouvelle chanson francaise
343,modern rock
343,rock
344,modern rock
344,rock
345,conscious hip hop
345,hip hop
345,north carolina hip hop
345,rap
346,dance pop
346,hip pop
346,pop
346,pop rap
346,post-teen pop
346,queens hip hop
347,eurovision
347,oulu metal
347,trancecore
348,eurovision
349,k-pop girl group
350,conscious hip hop
350,hip hop
350,north carolina hip hop
350,rap
351,canadian hip hop
351,canadian pop
351,hip hop
351,pop rap
351,rap
351,toronto rap
352,boston hip hop
352,hip hop
352,pop rap
352,rap
353,bubblegrunge
353,chicago indie
353,indie pop
353,pop
354,NA
355,brooklyn drill
355,melodic rap
355,nyc rap
356,dream smp
357,icelandic pop
357,sunnlensk tonlist
358,modern rock
358,rock
359,conscious hip hop
359,hip hop
359,north carolina hip hop
359,rap
360,conscious hip hop
360,hip hop
360,north carolina hip hop
360,rap
361,conscious hip hop
361,hip hop
361,north carolina hip hop
361,rap
362,conscious hip hop
362,hip hop
362,north carolina hip hop
362,rap
363,conscious hip hop
363,hip hop
363,north carolina hip hop
363,rap
364,conscious hip hop
364,hip hop
364,north carolina hip hop
364,rap
365,australian hip hop
366,argentine hip hop
366,pop venezolano
366,trap argentino
366,trap latino
367,latin
367,reggaeton
367,trap latino
368,dance pop
368,electropop
368,metropopolis
368,pop
368,post-teen pop
368,uk alternative pop
369,pop
369,post-teen pop
370,trap latino
371,reggaeton
371,reggaeton flow
371,trap latino
372,NA
373,canadian pop
373,pop
373,post-teen pop
374,dance pop
374,pop rap
375,alt z
375,canadian contemporary r&b
375,indie cafe pop
375,pop
375,pop rock
375,post-teen pop
376,hip hop
376,miami hip hop
376,pop rap
376,rap
376,southern hip hop
376,trap
377,london rap
378,NA
379,rap
379,trap
380,argentine hip hop
380,pop venezolano
380,trap argentino
380,trap latino
381,lgbtq+ hip hop
381,pop rap
382,bedroom soul
382,pop
383,atl hip hop
383,pop rap
383,rap
383,southern hip hop
383,trap
384,german hip hop
384,hamburg hip hop
385,chicago rap
385,melodic rap
386,latin
386,latin hip hop
386,reggaeton
386,trap latino
387,forro
388,colombian pop
388,reggaeton colombiano
389,chicago rap
389,melodic rap
390,chicago rap
390,melodic rap
391,sertanejo
391,sertanejo universitario
392,weirdcore
393,hip hop
393,rap
393,trap
393,underground hip hop
394,ohio hip hop
394,pop rap
395,hip hop
395,miami hip hop
395,pop rap
395,rap
395,southern hip hop
395,trap
396,hip hop
396,miami hip hop
396,pop rap
396,rap
396,southern hip hop
396,trap
397,funk carioca
397,funk pop
397,pagode baiano
397,pop nacional
398,NA
399,pop
399,post-teen pop
400,NA
401,latin
401,reggaeton
401,reggaeton colombiano
402,dance pop
402,pop
402,post-teen pop
403,memphis hip hop
403,rap
403,southern hip hop
403,tennessee hip hop
403,trap
404,brooklyn drill
404,melodic rap
404,nyc rap
405,latin
405,latin hip hop
405,reggaeton
405,trap latino
406,canadian pop
406,pop
406,post-teen pop
407,alternative r&b
407,dance pop
407,pop
407,r&b
408,rap
408,slap house
409,bedroom pop
410,sertanejo
410,sertanejo pop
410,sertanejo universitario
411,pop
411,post-teen pop
411,talent show
411,uk pop
412,canadian pop
412,dance pop
412,pop
412,post-teen pop
412,viral pop
413,canadian contemporary r&b
413,canadian pop
413,pop
414,emo rap
414,miami hip hop
415,alt z
415,indie cafe pop
415,pop
415,uk pop
416,electropop
416,pop
416,pop rap
417,dance pop
417,pop
417,post-teen pop
418,NA
419,modern rock
419,rock
420,rap
420,trap
421,rap
421,trap
422,pop
422,post-teen pop
423,forro
424,forro
424,piseiro
425,pop
425,post-teen pop
426,garage rock
426,permanent wave
426,rock
426,sheffield indie
427,NA
428,latin
428,reggaeton
428,reggaeton colombiano
429,pop
429,post-teen pop
430,pop
430,post-teen pop
431,east coast hip hop
431,gangster rap
431,hardcore hip hop
431,hip hop
431,pop rap
431,rap
432,pop
432,post-teen pop
433,pop
433,post-teen pop
434,pop
434,post-teen pop
435,pop
435,post-teen pop
436,pop
436,post-teen pop
437,pop
437,post-teen pop
438,pop
438,post-teen pop
439,east coast hip hop
439,gangster rap
439,hardcore hip hop
439,hip hop
439,pop rap
439,rap
440,pop
440,post-teen pop
441,pop
441,post-teen pop
442,pop
442,post-teen pop
443,NA
444,latin
444,panamanian pop
444,reggaeton
444,trap latino
445,pop
445,post-teen pop
446,pop
446,post-teen pop
447,argentine hip hop
447,trap argentino
447,trap latino
447,trap triste
448,dance pop
448,pop
448,post-teen pop
449,NA
450,alt z
450,australian pop
450,dance pop
450,indie cafe pop
450,pop
450,post-teen pop
450,uk pop
451,brooklyn drill
452,latin
452,latin hip hop
452,reggaeton
452,reggaeton colombiano
452,reggaeton flow
452,trap latino
453,dance pop
453,pop
453,pop rap
453,post-teen pop
454,canadian pop
454,pop
454,post-teen pop
455,dance pop
455,pop
455,post-teen pop
456,indie pop
456,vancouver indie
457,piseiro
458,trap argentino
458,trap latino
458,trap triste
459,pop
459,pop rock
460,canadian pop
460,pop
460,post-teen pop
461,canadian pop
461,pop
461,post-teen pop
462,deep underground hip hop
462,kentucky hip hop
462,pop rap
462,rap
463,new romantic
463,new wave
463,new wave pop
463,permanent wave
463,soft rock
463,synthpop
464,colombian pop
464,reggaeton colombiano
465,NA
466,latin
466,reggaeton
466,reggaeton colombiano
467,canadian pop
467,pop
467,post-teen pop
468,canadian pop
468,pop
468,post-teen pop
469,latin
469,reggaeton
469,reggaeton colombiano
470,latin
470,puerto rican pop
470,reggaeton
470,trap latino
471,canadian pop
471,pop
471,post-teen pop
472,german pop
473,canadian hip hop
473,canadian pop
473,hip hop
473,pop rap
473,rap
473,toronto rap
474,piseiro
475,dance pop
475,pop
475,pop rap
475,post-teen pop
476,canadian pop
476,pop
476,post-teen pop
477,canadian contemporary r&b
477,canadian pop
477,pop
478,latin
478,latin hip hop
478,reggaeton
478,trap latino
479,sertanejo pop
480,canadian pop
480,pop
480,post-teen pop
481,canadian pop
481,pop
481,post-teen pop
482,art pop
482,pop
483,latin
483,latin hip hop
483,reggaeton
483,trap latino
484,art pop
484,pop
485,latin
485,reggaeton
485,reggaeton colombiano
486,colombian pop
486,reggaeton colombiano
487,colombian pop
487,reggaeton colombiano
488,edm
488,electronic trap
489,latin
489,reggaeton
489,trap latino
490,dance pop
490,pop
490,post-teen pop
491,uk hip hop
492,dance pop
492,edm
492,electronic trap
492,pop
492,pop dance
493,australian dance
493,australian pop
493,dance pop
493,pop
494,ohio hip hop
494,pop rap
495,latin
495,reggaeton
495,trap latino
496,dance pop
496,deep euro house
496,deep house
496,edm
496,german dance
496,pop
496,pop dance
496,tropical house
497,dance pop
497,pop
498,emo rap
498,miami hip hop
499,australian psych
499,neo-psychedelic
500,canadian contemporary r&b
500,canadian pop
500,pop
501,brooklyn drill
502,indie cafe pop
502,indie poptimism
502,modern rock
502,pop
502,pop rock
503,indonesian pop
504,k-pop
504,k-pop girl group
505,hip hop
505,pop rap
505,rap
506,NA
507,brooklyn drill
508,chicago rap
508,melodic rap
509,italian adult pop
509,italian indie pop
509,italian pop
509,italian pop rock
510,latin
510,reggaeton
510,reggaeton flow
510,trap boricua
510,trap latino
511,french hip hop
511,old school rap francais
511,pop urbaine
511,rap conscient
512,atl hip hop
512,atl trap
512,rap
512,trap
513,latin pop
513,viral pop
514,edm
514,new french touch
514,pop dance
514,tropical house
515,emo rap
515,lgbtq+ hip hop
516,modern alternative rock
516,modern rock
516,pop
517,alt z
517,bedroom pop
517,electropop
517,indie pop
517,pop
517,post-teen pop
518,dfw rap
518,melodic rap
518,rap
519,dance pop
519,pop
519,post-teen pop
520,urbano espanol
521,australian hip hop
522,latin
522,reggaeton
522,trap latino
523,pop rap
523,rhode island rap
524,dfw rap
524,melodic rap
524,rap
525,urbano espanol
526,dance pop
526,electropop
526,etherpop
526,indie poptimism
526,pop
526,post-teen pop
527,latin
527,reggaeton
527,trap latino
528,canadian pop
528,pop
528,post-teen pop
529,bedroom pop
529,indie pop
529,pop
530,pop
530,uk pop
531,NA
532,german hip hop
532,german pop
533,hip hop
533,pop rap
533,rap
534,NA
535,alt z
535,dance pop
535,electropop
535,pop
535,post-teen pop
535,viral pop
536,deep underground hip hop
536,kentucky hip hop
536,pop rap
536,rap
537,alt z
537,indie cafe pop
537,modern indie pop
537,pop
537,social media pop
538,dance pop
538,pop
538,pop rap
538,post-teen pop
539,australian pop
539,pop
540,latin
540,puerto rican pop
540,reggaeton
540,trap latino
541,dance pop
541,pop
541,post-teen pop
542,pop
542,uk pop
543,NA
544,argentine hip hop
544,pop venezolano
544,trap argentino
544,trap latino
545,latin
545,reggaeton
545,reggaeton colombiano
546,puerto rican pop
546,trap latino
547,NA
548,emo rap
548,miami hip hop
549,pop
549,uk pop
550,canadian hip hop
550,canadian pop
550,hip hop
550,pop rap
550,rap
550,toronto rap
551,canadian contemporary r&b
551,canadian pop
551,pop
552,tropical house
553,beatlesque
553,britpop
553,madchester
553,permanent wave
553,rock
554,emo rap
554,miami hip hop
555,chicago rap
555,melodic rap
556,electropop
556,pop
557,australian dance
557,australian pop
557,dance pop
557,pop
558,canadian contemporary r&b
558,canadian pop
558,pop
559,electropop
559,pop
559,pop rap
560,canadian contemporary r&b
560,canadian pop
560,pop
561,dance pop
561,pop
561,post-teen pop
562,dance pop
562,dutch edm
562,edm
562,pop
562,pop dance
562,progressive house
562,tropical house
563,melodic metalcore
563,metalcore
563,rock
563,uk metalcore
564,latin
564,reggaeton
564,reggaeton colombiano
565,brazilian hip hop
565,funk ostentacao
566,canadian contemporary r&b
566,canadian pop
566,pop
567,dance pop
567,pop
567,post-teen pop
568,australian pop
568,indie cafe pop
568,pop
568,pop rock
568,post-teen pop
569,houston rap
569,pop
569,pop rap
569,trap queen
570,cubaton
570,dominican pop
570,pop venezolano
570,reggaeton
570,reggaeton flow
570,trap latino
571,german alternative rap
571,german hip hop
571,german trap
571,tekk
572,dmv rap
572,pop
572,r&b
572,rap
573,dance pop
573,pop
573,post-teen pop
573,uk pop
574,pop
575,electropop
575,escape room
575,pop
576,contemporary country
577,latin
577,reggaeton
577,trap latino
578,latin
578,reggaeton
578,reggaeton flow
578,trap boricua
578,trap latino
579,cumbia pop
580,contemporary country
581,dance pop
581,pop
581,post-teen pop
582,deep underground hip hop
582,kentucky hip hop
582,pop rap
582,rap
583,dance pop
583,pop
583,post-teen pop
583,uk pop
584,sad rap
585,puerto rican pop
585,trap latino
586,pop
586,post-teen pop
587,dance pop
587,pop
587,pop rap
587,r&b
587,rap
588,chicago rap
588,melodic rap
589,dance pop
589,pop
589,pop dance
589,post-teen pop
589,tropical house
589,uk pop
590,NA
591,trap queen
592,dance pop
592,pop
593,k-pop
593,k-pop girl group
594,latin
594,puerto rican pop
594,reggaeton
594,trap latino
595,brooklyn drill
595,nyc rap
596,contemporary country
597,contemporary country
598,contemporary country
599,latin
599,reggaeton
599,trap latino
600,latin
600,panamanian pop
600,reggaeton
600,trap latino
601,brooklyn drill
602,contemporary country
603,contemporary country
604,forro
604,piseiro
605,k-pop
605,k-pop girl group
606,brostep
606,edm
606,pop
606,pop dance
606,progressive electro house
607,dance pop
607,pop
607,uk pop
608,german hip hop
609,pop
609,post-teen pop
610,bedroom soul
610,pop
611,NA
612,brostep
612,edm
612,pop
612,pop dance
612,progressive electro house
613,classic rock
613,glam rock
613,rock
614,latin
614,reggaeton
614,reggaeton colombiano
615,forro
615,piseiro
616,hip hop
616,ohio hip hop
616,pop rap
616,rap
617,dance pop
617,edm
617,pop dance
617,pop house
617,tropical house
618,k-pop
618,k-pop girl group
619,dream smp
619,viral rap
620,dance pop
620,pop
620,r&b
620,urban contemporary
621,disco
621,europop
621,new romantic
621,new wave
621,new wave pop
621,soft rock
621,synthpop
622,dance pop
622,pop
622,post-teen pop
623,adult standards
623,brill building pop
623,easy listening
623,lounge
623,rockabilly
623,vocal jazz
624,NA
625,adult standards
625,canadian pop
625,jazz pop
625,lounge
626,adult standards
626,brill building pop
626,easy listening
626,lounge
626,mellow gold
626,vocal jazz
627,dance pop
627,neo mellow
627,pop
627,pop rock
627,post-teen pop
627,talent show
628,latin pop
628,puerto rican pop
629,adult standards
629,easy listening
629,lounge
629,vocal jazz
630,adult standards
630,easy listening
630,lounge
631,canadian pop
631,pop
631,post-teen pop
632,NA
633,musical advocacy
634,album rock
634,art rock
634,beatlesque
634,classic rock
634,mellow gold
634,rock
634,soft rock
635,adult standards
635,canadian pop
635,jazz pop
635,lounge
636,album rock
636,art rock
636,beatlesque
636,classic rock
636,folk rock
636,mellow gold
636,rock
637,NA
638,adult standards
638,lounge
638,soul
638,vocal jazz
639,adult standards
639,easy listening
639,lounge
639,swing
639,vocal jazz
640,atl hip hop
640,plugg
640,rap
640,trap
641,adult standards
641,american folk revival
642,celtic
642,celtic punk
642,celtic rock
642,folk punk
642,irish folk
642,punk
643,classic uk pop
643,new wave pop
643,rock-and-roll
643,rockabilly
643,soft rock
644,rock-and-roll
644,rockabilly
645,NA
646,NA
647,australian dance
647,australian pop
647,dance pop
647,electropop
647,eurodance
647,europop
647,new wave pop
647,pop
648,adult standards
648,brill building pop
648,easy listening
648,lounge
648,vocal jazz
649,NA
650,glam rock
650,mellow gold
650,piano rock
651,hip hop
651,ohio hip hop
651,pop rap
651,rap
652,forro
652,sertanejo
652,sertanejo pop
652,sertanejo universitario
653,sertanejo
653,sertanejo universitario
654,album rock
654,classic rock
654,mellow gold
654,rock
654,soft rock
654,yacht rock
655,NA
656,permanent wave
656,pop
657,dance pop
657,pop
657,post-teen pop
657,uk pop
658,australian dance
658,australian pop
658,dance pop
658,pop
659,dance pop
659,pop
659,post-teen pop
660,contemporary country
660,country
660,country road
660,modern country rock
661,boy band
661,dance pop
661,pop
661,post-teen pop
662,dance pop
662,pop
663,dance pop
663,hip pop
663,pop
663,post-teen pop
663,urban contemporary
664,detroit hip hop
664,hip hop
664,rap
665,NA
666,adult standards
666,canadian pop
666,jazz pop
666,lounge
667,hollywood
667,show tunes
668,pop
668,post-teen pop
669,motown
669,soul
670,adult standards
670,lounge
670,torch song
670,vocal jazz
671,soundtrack
672,pop
672,post-teen pop
673,NA
674,canadian pop
674,dance pop
674,pop
674,post-teen pop
674,viral pop
675,adult standards
675,easy listening
675,lounge
675,vocal jazz
676,classic rock
676,heartland rock
676,mellow gold
676,permanent wave
676,rock
676,singer-songwriter
677,british soul
677,dance pop
677,europop
677,pop
677,post-teen pop
677,talent show
678,NA
679,dance pop
679,pop
679,post-teen pop
680,dance pop
680,hip pop
680,pop
680,post-teen pop
681,adult standards
681,easy listening
681,lounge
681,vocal jazz
682,adult standards
682,easy listening
682,lounge
683,adult standards
683,easy listening
683,lounge
684,dance pop
684,pop
684,r&b
684,urban contemporary
685,adult standards
685,easy listening
685,lounge
685,swing
685,vocal jazz
686,a cappella
687,chicago soul
687,classic soul
687,funk
687,motown
687,neo soul
687,quiet storm
687,soul
687,southern soul
688,adult standards
688,easy listening
688,lounge
688,vocal jazz
689,pop
689,post-teen pop
690,dance pop
690,pop
690,post-teen pop
691,boy band
691,dance pop
691,pop
691,post-teen pop
692,pop
692,post-teen pop
693,album rock
693,classic rock
693,country rock
693,folk rock
693,heartland rock
693,mellow gold
693,rock
693,soft rock
693,yacht rock
694,dance pop
694,hip pop
694,pop
694,post-teen pop
695,pop
695,post-teen pop
696,pop
696,post-teen pop
697,pop
697,post-teen pop
698,pop
698,post-teen pop
699,pop
699,post-teen pop
700,pop
700,post-teen pop
701,pop
701,post-teen pop
702,pop
702,post-teen pop
703,pop
703,post-teen pop
704,hip hop
704,ohio hip hop
704,pop rap
704,rap
705,hip hop
705,ohio hip hop
705,pop rap
705,rap
706,hip hop
706,ohio hip hop
706,pop rap
706,rap
707,hip hop
707,ohio hip hop
707,pop rap
707,rap
708,hip hop
708,ohio hip hop
708,pop rap
708,rap
709,hip hop
709,ohio hip hop
709,pop rap
709,rap
710,hip hop
710,ohio hip hop
710,pop rap
710,rap
711,latin
711,reggaeton
711,trap latino
712,hip hop
712,ohio hip hop
712,pop rap
712,rap
713,hip hop
713,ohio hip hop
713,pop rap
713,rap
714,pop
714,post-teen pop
715,chicago rap
715,melodic rap
716,canadian pop
716,dance pop
716,pop
716,post-teen pop
716,viral pop
717,canadian contemporary r&b
717,canadian pop
717,pop
718,canadian hip hop
718,canadian trap
718,melodic rap
718,pop rap
718,r&b
718,rap
718,toronto rap
718,trap
719,latin
719,reggaeton
719,trap latino
720,atl hip hop
720,atl trap
720,rap
720,trap
721,dance pop
721,pop
721,post-teen pop
722,k-pop
722,k-pop boy group
723,alt z
723,modern indie pop
723,social media pop
724,latin
724,reggaeton
724,trap latino
725,latin
725,reggaeton
725,trap latino
726,australian hip hop
727,NA
728,cali rap
729,latin
729,reggaeton
729,trap latino
730,latin
730,reggaeton
730,trap latino
731,latin
731,reggaeton
731,trap latino
732,latin
732,reggaeton
732,trap latino
733,latin
733,reggaeton
733,trap latino
734,latin
734,reggaeton
734,trap latino
735,latin
735,reggaeton
735,trap latino
736,album rock
736,art rock
736,beatlesque
736,classic rock
736,mellow gold
736,rock
736,soft rock
737,k-pop
737,k-pop boy group
738,k-pop
738,k-pop boy group
739,k-pop
739,k-pop boy group
740,k-pop
740,k-pop boy group
741,dance pop
741,pop
741,post-teen pop
742,latin
742,reggaeton
742,trap latino
743,dance pop
743,pop
743,post-teen pop
744,latin
744,reggaeton
744,trap latino
745,k-pop
745,k-pop boy group
746,italian hip hop
746,italian pop
746,trap italiana
747,dance pop
747,edm
747,pop
747,pop dance
747,post-teen pop
747,tropical house
747,uk dance
747,uk funky
748,mariachi
748,nuevo regional mexicano
748,ranchera
748,regional mexican
749,italian hip hop
749,italian pop
749,trap italiana
750,south african house
751,NA
752,italian hip hop
752,italian pop
752,trap italiana
753,basshall
753,francoton
754,australian hip hop
755,chicago rap
755,melodic rap
756,k-pop
756,k-pop girl group
757,nz pop
758,dance pop
758,pop
759,italian hip hop
759,italian pop
759,trap italiana
760,atl hip hop
760,hip hop
760,rap
760,trap
761,indie pop
761,modern rock
761,pop
761,rock
762,contemporary country
762,country
762,pop
763,pop r&b
763,r&b
764,colombian pop
764,latin
764,reggaeton
764,reggaeton colombiano
764,trap latino
765,melodic rap
766,atl hip hop
766,pop rap
766,rap
766,southern hip hop
766,trap
767,contemporary country
767,country road
768,k-pop girl group
769,puerto rican pop
769,trap latino
770,atl hip hop
770,pop rap
770,rap
770,southern hip hop
770,trap
771,afroswing
771,london rap
771,uk alternative hip hop
771,uk hip hop
772,dance pop
772,pop
772,post-teen pop
773,hip hop
773,pop
773,pop rap
773,r&b
773,southern hip hop
773,trap
773,trap soul
774,dance pop
774,girl group
774,pop
774,post-teen pop
774,talent show
774,uk pop
775,dance pop
775,electropop
775,pop
775,pop rap
775,post-teen pop
775,viral pop
776,atl hip hop
776,pop rap
776,rap
776,southern hip hop
776,trap
777,canadian latin
777,canadian pop
777,dance pop
777,pop
777,pop rap
778,hip hop
778,miami hip hop
778,pop rap
778,rap
778,southern hip hop
778,trap
779,dance pop
779,pop
779,post-teen pop
780,indie poptimism
780,pop
781,latin
781,reggaeton
781,reggaeton flow
781,trap boricua
781,trap latino
782,sad rap
783,rap
783,trap
784,contemporary country
785,NA
786,alternative r&b
786,viral pop
787,latin
787,latin hip hop
787,reggaeton
787,trap latino
788,electropop
788,pop
789,champeta
789,colombian pop
789,electro latino
789,latin
789,latin pop
789,reggaeton
789,reggaeton colombiano
789,trap latino
790,dance pop
790,pop
790,post-teen pop
791,dance pop
791,pop
791,post-teen pop
792,dance pop
792,pop
792,post-teen pop
793,australian hip hop
794,argentine hip hop
794,trap argentino
794,trap latino
794,trap triste
795,latin
795,reggaeton
795,reggaeton colombiano
796,latin
796,puerto rican pop
796,reggaeton
796,trap latino
797,atl hip hop
797,hip hop
797,rap
797,trap
798,brooklyn drill
799,dance pop
799,pop
799,post-teen pop
800,dance pop
800,pop
800,post-teen pop
801,pop
801,uk pop
802,colombian pop
802,reggaeton colombiano
803,rap
803,trap
804,NA
805,dance pop
805,pop
805,post-teen pop
806,dance pop
806,pop
806,post-teen pop
807,dance pop
807,pop
807,post-teen pop
808,pop
808,r&b
808,soul
809,dance pop
809,pop
809,post-teen pop
809,uk pop
810,german hip hop
810,hamburg hip hop
811,dance pop
811,pop
811,post-teen pop
811,uk pop
812,australian rock
812,hard rock
812,rock
813,funk carioca
813,funk pop
813,pagode baiano
813,pop nacional
814,memphis hip hop
814,rap
814,southern hip hop
814,trap
815,latin
815,panamanian pop
815,reggaeton
815,trap latino
816,rap
816,slap house
817,k-pop
817,k-pop girl group
818,detroit hip hop
818,hip hop
818,pop rap
818,rap
818,southern hip hop
818,trap
819,dance pop
819,pop
819,post-teen pop
820,dance pop
820,pop
820,pop rap
821,dance pop
821,electropop
821,pop
821,post-teen pop
822,NA
823,pop rap
824,argentine hip hop
824,trap argentino
824,trap latino
825,folk-pop
825,neo mellow
825,pop
825,pop rock
826,alt z
826,electropop
826,modern rock
826,pop
827,edm
827,pop
827,pop dance
827,tropical house
828,british soul
828,pop
828,pop soul
828,uk pop
829,canadian hip hop
829,pop
830,NA
831,k-pop
831,k-pop girl group
832,hip hop
832,indie pop rap
832,oakland hip hop
832,pop rap
832,rap
833,french hip hop
833,pop urbaine
833,rap francais
833,rap marseille
834,k-pop
834,k-pop girl group
835,dance pop
835,electropop
835,pop
835,post-teen pop
836,r&b en espanol
837,colombian pop
837,reggaeton colombiano
838,latin
838,reggaeton
838,trap latino
839,art pop
839,pop
840,atl hip hop
840,hip hop
840,melodic rap
840,rap
840,trap
841,puerto rican pop
841,trap latino
842,alt z
842,dance pop
842,pop
842,post-teen pop
843,pop
843,uk pop
844,k-pop
844,k-pop girl group
845,alt z
845,nz pop
845,pop
846,atl hip hop
846,hip hop
846,rap
846,trap
847,dance pop
847,pop
847,post-teen pop
847,uk pop
848,ohio hip hop
848,pop rap
849,funk carioca
850,colombian pop
850,latin
850,pop reggaeton
850,reggaeton
850,reggaeton colombiano
850,trap latino
851,dance pop
851,pop
851,pop rap
851,r&b
851,rap
852,atl hip hop
852,hip hop
852,rap
852,trap
853,atl hip hop
853,hip hop
853,rap
853,trap
854,atl hip hop
854,hip hop
854,rap
854,trap
855,kentucky hip hop
855,pop
855,pop rap
855,r&b
855,rap
855,trap
856,atl hip hop
856,hip hop
856,rap
856,trap
857,atl hip hop
857,hip hop
857,rap
857,trap
858,atl hip hop
858,hip hop
858,rap
858,trap
859,pop rap
859,rap
859,trap
860,alternative r&b
860,viral pop
861,atl hip hop
861,hip hop
861,rap
861,trap
862,viral rap
863,atl hip hop
863,hip hop
863,rap
863,trap
864,atl hip hop
864,hip hop
864,rap
864,trap
865,alternative r&b
865,viral pop
866,alternative r&b
866,viral pop
867,alternative r&b
867,viral pop
868,chicago rap
869,ohio hip hop
869,pop rap
870,alternative r&b
870,viral pop
871,alternative r&b
871,viral pop
872,alternative r&b
872,viral pop
873,alt z
873,dance pop
873,electropop
873,indie cafe pop
873,indie poptimism
873,modern rock
873,pop
873,pop rap
873,post-teen pop
873,talent show
874,cali rap
874,dance pop
874,pop
874,pop rap
874,trap queen
875,alternative r&b
875,viral pop
876,alternative r&b
876,viral pop
877,NA
878,dance pop
878,edm
878,electro house
878,house
878,pop
878,progressive house
878,uk dance
879,chicago rap
879,melodic rap
880,ohio hip hop
880,pop rap
881,trap chileno
881,trap latino
882,canadian hip hop
882,canadian trap
882,melodic rap
882,pop rap
882,r&b
882,rap
882,toronto rap
882,trap
883,conscious hip hop
883,hip hop
883,rap
883,west coast rap
884,pop rap
884,rap
884,trap
885,disco
885,funk
885,jazz funk
885,motown
885,quiet storm
885,soul
886,dance pop
886,edm
886,pop dance
886,pop edm
886,slap house
886,tropical house
887,chicago rap
888,belgian hip hop
888,french hip hop
888,pop urbaine
888,rap belge
888,rap conscient
889,belgian hip hop
889,french hip hop
889,pop urbaine
889,rap belge
889,rap conscient
890,pop
890,post-teen pop
891,chicago rap
891,melodic rap
892,chicago rap
892,melodic rap
893,melodic rap
893,rap
893,trap
894,canadian hip hop
894,canadian pop
894,hip hop
894,pop rap
894,rap
894,toronto rap
895,emo rap
895,rap
896,dance pop
896,pop
896,uk pop
897,edm
897,pop
897,pop dance
897,tropical house
898,dance pop
898,pop
899,dance pop
899,pop
900,latin
900,puerto rican pop
900,reggaeton
900,trap latino
901,pop
901,pop rap
901,r&b
902,pop
902,pop rock
903,r&b brasileiro
903,rap cearense
903,trap brasileiro
904,german hip hop
904,hamburg hip hop
905,latin
905,reggaeton
905,reggaeton flow
905,trap latino
906,atl hip hop
906,atl trap
906,rap
906,trap
907,german hip hop
907,hamburg hip hop
908,dance pop
908,pop
908,post-teen pop
909,dance pop
909,pop
910,uk hip hop
911,scandipop
911,swedish pop
912,dance pop
912,pop
912,post-teen pop
912,r&b
913,detroit hip hop
913,hip hop
913,pop rap
913,rap
913,southern hip hop
913,trap
914,cali rap
914,dance pop
914,pop
914,pop rap
914,trap queen
915,k-pop girl group
916,rap
916,slap house
917,latin
917,reggaeton
917,reggaeton colombiano
918,dance pop
918,deep euro house
918,deep house
918,edm
918,german dance
918,pop
918,pop dance
918,tropical house
919,k-pop girl group
920,funk carioca
920,funk pop
921,alternative r&b
921,chill r&b
921,indie r&b
921,pop
922,pop
922,post-teen pop
923,dance pop
923,pop
923,pop rap
924,german hip hop
924,german pop
924,hamburg hip hop
925,edm
925,pop
925,pop dance
925,tropical house
926,dance pop
926,pop
926,post-teen pop
927,jawaiian
928,dmv rap
928,hip hop
928,pop rap
928,rap
928,trap
928,underground hip hop
928,vapor trap
929,rap
929,trap
930,latin
930,latin hip hop
930,reggaeton
930,reggaeton flow
930,trap latino
931,latin
931,reggaeton
931,reggaeton flow
931,trap boricua
931,trap latino
932,dance pop
932,pop
932,post-teen pop
933,florida rap
934,chicago rap
934,melodic rap
935,latin
935,reggaeton
935,trap latino
936,pop rap
936,rap
936,trap
937,german hip hop
938,k-pop
938,k-pop boy group
939,dance pop
939,pop
939,post-teen pop
939,uk pop
940,chicago rap
940,melodic rap
941,NA
942,german hip hop
942,german pop
943,pop
943,post-teen pop
944,electropop
944,pop
944,pop rap
945,cali rap
945,hip hop
945,pop rap
945,rap
945,southern hip hop
945,trap
946,k-pop
946,k-pop boy group
947,acoustic pop
947,neo mellow
947,pop
947,pop rock
948,boy band
948,dance pop
948,electropop
948,pop
948,post-teen pop
949,pop
949,post-teen pop
950,dance pop
950,pop
950,uk pop
951,pop
951,post-teen pop
952,florida rap
953,chicago rap
954,afroswing
954,social media pop
955,uk hip hop
956,dance pop
956,pop
956,uk pop
957,puerto rican pop
957,trap latino
958,dance pop
958,pop
958,pop rap
958,post-teen pop
959,basshall
959,francoton
960,edm
960,pop dance
960,pop edm
960,tropical house
961,pop
961,post-teen pop
962,edm
962,pop
962,pop dance
962,tropical house
963,dominican pop
963,pop reggaeton
963,urbano espanol
964,melodic rap
964,rap
964,trap
965,dfw rap
965,melodic rap
965,rap
966,pop
966,post-teen pop
967,pop
967,post-teen pop
968,pop
968,post-teen pop
969,pop
969,post-teen pop
970,north carolina hip hop
970,rap
971,pop
971,post-teen pop
972,dance pop
972,pop
973,emo rap
973,rap
974,german hip hop
975,dance pop
975,german dance
975,pop dance
975,slap house
975,tropical house
976,houston rap
976,pop
976,pop rap
976,trap queen
977,pop
977,post-teen pop
978,pop
978,post-teen pop
979,pop
979,post-teen pop
980,hip hop
980,pop rap
980,rap
980,southern hip hop
980,trap
980,underground hip hop
981,german hip hop
982,german hip hop
982,hamburg hip hop
983,atl hip hop
983,pop rap
983,rap
983,southern hip hop
983,trap
984,pop
984,post-teen pop
985,chicago rap
985,melodic rap
986,memphis hip hop
987,latin
987,reggaeton
987,reggaeton colombiano
988,dembow
988,latin
988,rap dominicano
988,reggaeton
988,trap latino
989,puerto rican pop
989,trap latino
990,hip hop
990,pop
990,pop rap
990,r&b
990,southern hip hop
990,trap
990,trap soul
991,latin
991,reggaeton
991,reggaeton colombiano
992,NA
993,conscious hip hop
993,hip hop
993,north carolina hip hop
993,rap
994,german hip hop
995,australian hip hop
996,chicago rap
996,melodic rap
997,boy band
997,pop
997,post-teen pop
997,talent show
998,german cloud rap
998,german hip hop
999,chicago rap
999,melodic rap
1000,chicago rap
1000,melodic rap
1001,chicago rap
1001,melodic rap
1002,viral rap
1003,atl hip hop
1003,atl trap
1003,rap
1003,trap
1004,boy band
1004,pop
1004,post-teen pop
1004,talent show
1005,conscious hip hop
1005,dmv rap
1005,hip hop
1005,pop rap
1005,rap
1006,melodic rap
1007,chicago rap
1007,melodic rap
1008,chicago rap
1008,melodic rap
1009,chicago rap
1009,melodic rap
1010,chicago rap
1010,melodic rap
1011,chicago rap
1011,melodic rap
1012,alternative r&b
1012,melodic rap
1012,pop rap
1013,chicago rap
1013,melodic rap
1014,melodic rap
1014,rap
1014,trap
1015,trap latino
1016,german drill
1016,german hip hop
1017,latin
1017,reggaeton
1017,trap latino
1018,emo rap
1018,rap
1019,lgbtq+ hip hop
1019,pop rap
1020,hip hop
1020,ohio hip hop
1020,pop rap
1020,rap
1021,latin
1021,reggaeton
1021,reggaeton flow
1021,trap boricua
1021,trap latino
1022,latin
1022,r&b en espanol
1022,reggaeton
1022,trap latino
1023,latin
1023,reggaeton
1023,trap latino
1024,canadian pop
1024,pop
1024,post-teen pop
1025,melodic rap
1025,rap
1025,trap
1026,dance pop
1026,pop
1027,dfw rap
1027,melodic rap
1027,rap
1028,north carolina hip hop
1028,rap
1029,latin
1029,perreo
1029,reggaeton
1029,reggaeton flow
1029,trap latino
1030,chicago rap
1030,melodic rap
1031,chicago rap
1031,melodic rap
1032,chicago rap
1032,melodic rap
1033,christlicher rap
1033,german hip hop
1034,chicago rap
1034,rap
1035,brooklyn drill
1036,k-pop
1037,emo rap
1037,rap
1038,latin
1038,reggaeton
1038,reggaeton flow
1038,trap boricua
1038,trap latino
1039,alt z
1039,australian pop
1039,dance pop
1039,indie cafe pop
1039,pop
1039,post-teen pop
1039,uk pop
1040,brooklyn drill
1041,pop rap
1042,brooklyn drill
1043,brooklyn drill
1044,brooklyn drill
1045,brooklyn drill
1046,brooklyn drill
1047,brooklyn drill
1048,brooklyn drill
1049,brooklyn drill
1050,brooklyn drill
1051,brooklyn drill
1051,nyc rap
1052,cali rap
1052,melodic rap
1052,pop rap
1052,rap
1052,trap
1053,brooklyn drill
1054,latin
1054,reggaeton
1054,trap latino
1055,melodic rap
1055,pop rap
1056,latin
1056,reggaeton
1056,trap latino
1057,latin
1057,reggaeton
1057,reggaeton flow
1057,trap boricua
1057,trap latino
1058,modern rock
1058,pop
1058,rock
1059,puerto rican pop
1059,trap latino
1060,dfw rap
1060,melodic rap
1060,rap
1061,album rock
1061,classic rock
1061,hard rock
1061,mellow gold
1061,rock
1061,soft rock
1062,dance pop
1062,pop
1062,post-teen pop
1062,r&b
1063,german hip hop
1064,NA
1065,dance pop
1065,pop
1065,post-teen pop
1066,atl hip hop
1066,atl trap
1066,rap
1066,trap
1067,melodic rap
1067,philly rap
1067,rap
1067,trap
1068,k-pop
1068,k-pop girl group
1069,houston rap
1069,pop
1069,pop rap
1069,trap queen
1070,melodic metalcore
1070,metalcore
1070,rock
1070,uk metalcore
1071,boy band
1071,dance pop
1071,pop
1071,post-teen pop
1072,dance pop
1072,electropop
1072,pop
1072,post-teen pop
1073,modern rock
1074,canadian hip hop
1074,canadian pop
1074,hip hop
1074,pop rap
1074,rap
1074,toronto rap
1075,dance pop
1075,pop
1076,NA
1077,pop
1078,rap
1078,trap
1079,german alternative rap
1079,german drill
1079,german hip hop
1079,german trap
1080,k-pop
1080,k-pop girl group
1081,pop
1081,post-teen pop
1082,dance pop
1082,pop
1082,post-teen pop
1083,pop
1083,pop rock
1084,latin
1084,reggaeton
1084,trap latino
1085,dance pop
1085,hip hop
1085,pop rap
1085,rap
1085,southern hip hop
1085,trap
1086,german hip hop
1086,hamburg hip hop
1087,german hip hop
1088,latin
1088,reggaeton
1088,reggaeton flow
1088,trap boricua
1088,trap latino
1089,melodic rap
1089,pop rap
1089,rap
1089,trap
1090,conscious hip hop
1090,hip hop
1090,north carolina hip hop
1090,rap
1091,francoton
1091,french hip hop
1091,pop urbaine
1091,rap francais
1092,dance pop
1092,deep euro house
1092,deep house
1092,edm
1092,german dance
1092,pop
1092,pop dance
1092,tropical house
1093,NA
1094,memphis hip hop
1095,alt z
1095,indie cafe pop
1095,pop
1095,post-teen pop
1095,social media pop
1096,dance pop
1096,edm
1096,pop dance
1096,pop house
1096,tropical house
1097,funk carioca
1098,latin
1098,reggaeton
1098,trap latino
1099,indie rockism
1100,north carolina hip hop
1100,rap
1101,brooklyn drill
1102,italian hip hop
1103,german cloud rap
1103,german hip hop
1104,melodic rap
1104,philly rap
1104,rap
1104,trap
1105,alt z
1105,dance pop
1105,electropop
1105,pop
1105,post-teen pop
1106,NA
1107,canadian hip hop
1107,canadian trap
1107,hip hop
1107,melodic rap
1107,pop rap
1107,rap
1107,toronto rap
1107,trap
1108,latin
1108,reggaeton
1108,trap latino
1109,latin
1109,reggaeton
1109,trap latino
1110,edm
1110,pop
1110,pop dance
1110,tropical house
1111,dance pop
1111,electropop
1111,pop
1111,post-teen pop
1112,alt z
1112,electropop
1112,pop
1113,pop
1113,pop rap
1113,r&b
1113,rap
1113,toronto rap
1113,trap
1113,urban contemporary
1114,german hip hop
1115,emo rap
1115,miami hip hop
1116,german drill
1116,german hip hop
1117,dance pop
1117,pop
1117,post-teen pop
1117,uk pop
1118,atl hip hop
1118,hip hop
1118,pop rap
1118,rap
1119,puerto rican pop
1119,trap latino
1120,latin
1120,reggaeton
1120,trap latino
1121,canadian pop
1121,dance pop
1121,pop
1121,post-teen pop
1121,viral pop
1122,boy band
1122,dance pop
1122,pop
1122,post-teen pop
1123,latin
1123,reggaeton
1123,trap latino
1124,atl hip hop
1124,pop rap
1124,rap
1124,southern hip hop
1124,trap
1125,melodic rap
1125,philly rap
1125,rap
1125,trap
1126,emo rap
1126,miami hip hop
1127,melodic rap
1127,trap
1128,modern rock
1128,rock
1129,dance pop
1129,pop
1129,post-teen pop
1130,dance pop
1130,pop
1130,post-teen pop
1131,dance pop
1131,pop
1131,post-teen pop
1132,dance pop
1132,pop
1132,post-teen pop
1133,dance pop
1133,pop
1133,post-teen pop
1134,dance pop
1134,pop
1134,post-teen pop
1135,dance pop
1135,pop
1135,post-teen pop
1136,dance pop
1136,pop
1136,post-teen pop
1137,dance pop
1137,pop
1137,post-teen pop
1138,dance pop
1138,pop
1138,post-teen pop
1139,dance pop
1139,pop
1139,post-teen pop
1140,edm
1140,pop
1140,pop dance
1140,tropical house
1141,NA
1142,german drill
1142,german hip hop
1143,german hip hop
1143,german trap
1143,german underground rap
1143,hamburg hip hop
1144,atl hip hop
1144,hip hop
1144,melodic rap
1144,rap
1144,trap
1144,underground hip hop
1144,viral rap
1145,atl hip hop
1145,hip hop
1145,melodic rap
1145,rap
1145,trap
1145,underground hip hop
1145,viral rap
1146,german hip hop
1146,hamburg hip hop
1147,edm
1147,pop
1147,pop dance
1147,tropical house
1148,german hip hop
1149,k-rap
1150,atl hip hop
1150,hip hop
1150,melodic rap
1150,rap
1150,trap
1151,canadian contemporary r&b
1151,canadian pop
1151,pop
1152,atl hip hop
1152,hip hop
1152,melodic rap
1152,rap
1152,trap
1153,german hip hop
1154,atl hip hop
1154,hip hop
1154,melodic rap
1154,rap
1154,trap
1155,dfw rap
1155,melodic rap
1155,rap
1156,latin
1156,reggaeton
1156,trap latino
1157,boy band
1157,dance pop
1157,pop
1157,post-teen pop
1158,latin
1158,reggaeton
1158,trap latino
1159,australian dance
1159,australian pop
1159,dance pop
1159,pop
1160,k-pop
1161,dance pop
1161,electropop
1161,etherpop
1161,indie poptimism
1161,pop
1161,post-teen pop
1162,cali rap
1163,edm
1163,electro house
1163,pop dance
1163,pop edm
1163,progressive electro house
1163,tropical house
1164,canadian contemporary r&b
1164,canadian pop
1164,pop
1165,rap
1165,slap house
1166,NA
1167,latin
1167,latin hip hop
1167,reggaeton
1167,trap latino
1168,NA
1169,latin
1169,panamanian pop
1169,reggaeton
1169,trap latino
1170,latin
1170,latin hip hop
1170,reggaeton
1170,trap latino
1171,atl hip hop
1171,pop rap
1171,rap
1171,southern hip hop
1171,trap
1172,canadian hip hop
1172,canadian pop
1172,hip hop
1172,pop rap
1172,rap
1172,toronto rap
1173,atl hip hop
1173,pop rap
1173,rap
1173,southern hip hop
1173,trap
1174,chicago rap
1175,sertanejo
1175,sertanejo universitario
1176,atl hip hop
1176,pop rap
1176,rap
1176,trap
1177,chicago rap
1178,latin
1178,reggaeton
1178,trap latino
1179,chicago drill
1179,chicago rap
1179,drill
1179,rap
1179,southern hip hop
1179,trap
1180,melodic rap
1180,rap
1180,trap
1181,sad rap
1182,latin
1182,reggaeton
1182,trap latino
1183,latin
1183,reggaeton
1183,trap latino
1184,brooklyn drill
1184,melodic rap
1184,nyc rap
1185,latin
1185,reggaeton
1185,trap latino
1186,banda
1186,corrido
1186,norteno
1186,regional mexican
1187,german hip hop
1188,latin
1188,reggaeton
1188,trap latino
1189,canadian hip hop
1189,canadian pop
1189,hip hop
1189,pop rap
1189,rap
1189,toronto rap
1190,alt z
1190,electropop
1190,indie pop
1190,pop
1190,post-teen pop
1191,dance pop
1191,pop
1191,pop rap
1191,post-teen pop
1191,r&b
1192,rap
1192,slap house
1193,electropop
1193,pop
1193,pop rap
1194,melodic rap
1194,trap
1195,dance pop
1195,pop
1195,post-teen pop
1195,uk pop
1196,electropop
1196,pop
1197,canadian hip hop
1197,canadian pop
1197,hip hop
1197,pop rap
1197,rap
1197,toronto rap
1198,canadian hip hop
1198,canadian pop
1198,hip hop
1198,pop rap
1198,rap
1198,toronto rap
1199,canadian hip hop
1199,canadian pop
1199,hip hop
1199,pop rap
1199,rap
1199,toronto rap
1200,canadian hip hop
1200,canadian pop
1200,hip hop
1200,pop rap
1200,rap
1200,toronto rap
1201,canadian hip hop
1201,canadian pop
1201,hip hop
1201,pop rap
1201,rap
1201,toronto rap
1202,canadian hip hop
1202,canadian pop
1202,hip hop
1202,pop rap
1202,rap
1202,toronto rap
1203,canadian hip hop
1203,canadian pop
1203,hip hop
1203,pop rap
1203,rap
1203,toronto rap
1204,canadian hip hop
1204,canadian pop
1204,hip hop
1204,pop rap
1204,rap
1204,toronto rap
1205,canadian hip hop
1205,canadian pop
1205,hip hop
1205,pop rap
1205,rap
1205,toronto rap
1206,canadian hip hop
1206,canadian pop
1206,hip hop
1206,pop rap
1206,rap
1206,toronto rap
1207,canadian hip hop
1207,canadian trap
1207,hip hop
1207,melodic rap
1207,pop rap
1207,rap
1207,toronto rap
1207,trap
1208,dance pop
1208,pop
1208,post-teen pop
1209,canadian hip hop
1209,pop
1210,german cloud rap
1210,german hip hop
1211,north carolina hip hop
1211,rap
1212,latin
1212,reggaeton
1212,reggaeton flow
1212,trap boricua
1212,trap latino
1213,canadian hip hop
1213,canadian pop
1213,hip hop
1213,pop rap
1213,rap
1213,toronto rap
1214,colombian pop
1214,reggaeton colombiano
1215,NA
1216,canadian hip hop
1216,canadian trap
1216,melodic rap
1216,pop rap
1216,r&b
1216,rap
1216,toronto rap
1216,trap
1217,puerto rican pop
1217,trap latino
1218,boy band
1218,hip hop
1218,rap
1219,frauenrap
1219,german hip hop
1219,german pop
1220,rap
1220,slap house
1221,uk hip hop
1222,melodic rap
1222,philly rap
1222,rap
1222,trap
1223,colombian pop
1223,dance pop
1223,latin
1223,latin pop
1223,pop
1224,modern alternative rock
1224,modern rock
1224,pop
1224,rock
1225,electro house
1226,colombian pop
1226,reggaeton colombiano
1227,dance pop
1227,edm
1227,electropop
1227,indietronica
1227,metropopolis
1227,pop
1227,post-teen pop
1227,uk pop
1228,hip hop
1228,indie pop rap
1228,oakland hip hop
1228,pop rap
1228,rap
1229,latin
1229,reggaeton
1229,reggaeton colombiano
1230,north carolina hip hop
1230,rap
1231,north carolina hip hop
1231,rap
1232,north carolina hip hop
1232,rap
1233,melodic rap
1233,philly rap
1233,rap
1233,trap
1234,latin
1234,latin hip hop
1234,reggaeton
1234,reggaeton flow
1234,trap latino
1235,edm
1235,pop
1235,pop dance
1235,tropical house
1236,atl hip hop
1236,hip hop
1236,melodic rap
1236,rap
1236,trap
1236,underground hip hop
1236,viral rap
1237,north carolina hip hop
1237,rap
1238,latin
1238,reggaeton
1238,reggaeton colombiano
1239,alternative pop rock
1239,pop
1240,canadian hip hop
1240,canadian trap
1240,melodic rap
1240,pop rap
1240,r&b
1240,rap
1240,toronto rap
1240,trap
1241,canadian hip hop
1241,canadian trap
1241,melodic rap
1241,pop rap
1241,r&b
1241,rap
1241,toronto rap
1241,trap
1242,german hip hop
1242,hamburg hip hop
1243,german hip hop
1244,dance pop
1244,pop
1244,post-teen pop
1244,uk pop
1245,k-pop girl group
1246,dance pop
1246,edm
1246,electropop
1246,pop
1246,pop dance
1246,tropical house
1247,florida rap
1248,latin
1248,latin pop
1248,reggaeton
1248,reggaeton flow
1248,trap latino
1249,chicago rap
1250,modern indie pop
1251,dance pop
1251,escape room
1251,minnesota hip hop
1251,pop
1251,pop rap
1251,post-teen pop
1251,trap queen
1252,canadian pop
1252,pop
1252,post-teen pop
1253,dance pop
1253,pop
1253,post-teen pop
1254,boy band
1254,dance pop
1254,electropop
1254,pop
1254,post-teen pop
1255,latin
1255,reggaeton
1255,trap latino
1256,canadian contemporary r&b
1256,canadian pop
1256,pop
1257,NA
1258,atl hip hop
1258,atl trap
1258,rap
1258,trap
1259,dance pop
1259,pop
1259,uk pop
1260,dance pop
1260,electropop
1260,pop
1260,post-teen pop
1261,dance pop
1261,pop
1261,uk pop
1262,dance pop
1262,pop
1262,uk pop
1263,dance pop
1263,pop
1263,uk pop
1264,canadian contemporary r&b
1264,canadian pop
1264,pop
1265,canadian contemporary r&b
1265,canadian pop
1265,pop
1266,dance pop
1266,pop
1266,uk pop
1267,italian hip hop
1267,trap italiana
1268,albanian hip hop
1268,german hip hop
1269,canadian contemporary r&b
1269,canadian pop
1269,pop
1270,boy band
1270,dance pop
1270,electropop
1270,pop
1270,post-teen pop
1271,canadian contemporary r&b
1271,canadian pop
1271,pop
1272,canadian contemporary r&b
1272,canadian pop
1272,pop
1273,canadian contemporary r&b
1273,canadian pop
1273,pop
1274,german cloud rap
1274,german hip hop
1275,latin
1275,reggaeton
1275,trap latino
1276,latin
1276,reggaeton
1276,trap latino
1277,dance pop
1277,girl group
1277,pop
1277,post-teen pop
1277,talent show
1277,uk pop
1278,boy band
1278,dance pop
1278,electropop
1278,pop
1278,post-teen pop
1279,canadian contemporary r&b
1279,canadian pop
1279,pop
1280,canadian contemporary r&b
1280,canadian pop
1280,pop
1281,latin
1281,reggaeton
1281,reggaeton colombiano
1282,latin
1282,reggaeton
1282,reggaeton colombiano
1283,latin
1283,reggaeton
1283,reggaeton colombiano
1284,latin
1284,reggaeton
1284,reggaeton colombiano
1285,melodic rap
1285,philly rap
1285,rap
1285,trap
1286,melodic rap
1286,philly rap
1286,rap
1286,trap
1287,dance pop
1287,pop
1287,post-teen pop
1288,melodic rap
1288,philly rap
1288,rap
1288,trap
1289,latin
1289,reggaeton
1289,reggaeton colombiano
1290,north carolina hip hop
1290,rap
1291,dance pop
1291,pop
1291,post-teen pop
1292,albanian hip hop
1292,german hip hop
1293,latin
1293,reggaeton
1293,trap latino
1294,mariachi
1294,nuevo regional mexicano
1294,ranchera
1294,regional mexican
1295,alternative r&b
1295,dance pop
1295,pop
1295,pop rap
1295,r&b
1295,urban contemporary
1296,latin
1296,reggaeton
1296,trap latino
1297,latin
1297,reggaeton
1297,trap latino
1298,melodic rap
1298,philly rap
1298,rap
1298,trap
1299,melodic rap
1299,philly rap
1299,rap
1299,trap
1300,rap
1300,trap
1301,melodic rap
1301,philly rap
1301,rap
1301,trap
1302,latin
1302,reggaeton
1302,trap latino
1303,melodic rap
1303,philly rap
1303,rap
1303,trap
1304,french hip hop
1304,pop urbaine
1304,rap francais
1305,latin
1305,reggaeton
1305,trap latino
1306,melodic rap
1306,philly rap
1306,rap
1306,trap
1307,melodic rap
1307,philly rap
1307,rap
1307,trap
1308,latin
1308,reggaeton
1308,trap latino
1309,melodic rap
1309,philly rap
1309,rap
1309,trap
1310,latin
1310,reggaeton
1310,trap latino
1311,melodic rap
1311,philly rap
1311,rap
1311,trap
1312,dance pop
1312,pop
1312,post-teen pop
1313,pop
1313,pop rap
1313,r&b
1314,latin
1314,latin hip hop
1314,reggaeton
1314,trap latino
1315,dance pop
1315,hip hop
1315,pop rap
1315,rap
1315,southern hip hop
1315,trap
1316,melodic rap
1316,philly rap
1316,rap
1316,trap
1317,dance pop
1317,electropop
1317,pop
1317,post-teen pop
1318,melodic rap
1318,philly rap
1318,rap
1318,trap
1319,melodic rap
1319,philly rap
1319,rap
1319,trap
1320,melodic rap
1320,philly rap
1320,rap
1320,trap
1321,melodic rap
1321,philly rap
1321,rap
1321,trap
1322,melodic rap
1322,philly rap
1322,rap
1322,trap
1323,k-pop
1323,k-pop boy group
1324,NA
1325,latin
1325,latin hip hop
1325,latin pop
1325,pop reggaeton
1325,reggaeton
1325,reggaeton flow
1325,trap latino
1326,latin
1326,reggaeton
1326,trap latino
1327,german cloud rap
1327,german hip hop
1328,sertanejo pop
1328,sertanejo universitario
1329,melodic rap
1329,philly rap
1329,rap
1329,trap
1330,melodic rap
1330,philly rap
1330,rap
1330,trap
1331,melodic rap
1331,philly rap
1331,rap
1331,trap
1332,melodic rap
1332,philly rap
1332,rap
1332,trap
1333,melodic rap
1333,philly rap
1333,rap
1333,trap
1334,melodic rap
1334,philly rap
1334,rap
1334,trap
1335,melodic rap
1335,philly rap
1335,rap
1335,trap
1336,venezuelan hip hop
1337,melodic rap
1337,philly rap
1337,rap
1337,trap
1338,melodic rap
1338,philly rap
1338,rap
1338,trap
1339,k-pop
1339,k-pop boy group
1340,latin
1340,reggaeton
1340,trap latino
1341,dance pop
1341,electropop
1341,pop
1341,post-teen pop
1342,atl hip hop
1342,atl trap
1342,rap
1342,trap
1343,atl hip hop
1343,hip hop
1343,melodic rap
1343,rap
1343,trap
1344,dance pop
1344,electropop
1344,pop
1344,post-teen pop
1345,dance pop
1345,electropop
1345,pop
1345,post-teen pop
1346,melodic rap
1346,pop rap
1346,rap
1346,trap
1347,trap latino
1348,latin
1348,reggaeton
1348,trap latino
1349,latin
1349,latin hip hop
1349,reggaeton
1349,trap latino
1350,pop
1350,uk pop
1351,dfw rap
1351,melodic rap
1351,rap
1352,dance pop
1352,electropop
1352,pop
1352,post-teen pop
1353,latin
1353,latin pop
1353,reggaeton
1353,reggaeton flow
1353,trap latino
1354,dance pop
1354,pop
1354,post-teen pop
1355,north carolina hip hop
1355,rap
1356,dance pop
1356,electropop
1356,pop
1356,post-teen pop
1357,melodic rap
1357,philly rap
1357,rap
1357,trap
1358,atl hip hop
1358,atl trap
1358,rap
1358,trap
1359,atl hip hop
1359,atl trap
1359,rap
1359,trap
1360,atl hip hop
1360,atl trap
1360,rap
1360,trap
1361,k-pop
1361,k-pop boy group
1362,german hip hop
1363,latin
1363,r&b en espanol
1363,reggaeton
1363,trap latino
1364,latin
1364,latin hip hop
1364,reggaeton
1364,trap latino
1365,latin
1365,latin hip hop
1365,reggaeton
1365,trap latino
1366,melodic rap
1366,philly rap
1366,rap
1366,trap
1367,meme rap
1367,sad rap
1367,vapor trap
1367,viral rap
1368,grime
1368,uk hip hop
1369,atl hip hop
1369,pop rap
1369,rap
1369,southern hip hop
1369,trap
1370,k-pop
1370,k-pop boy group
1371,german hip hop
1372,dance pop
1372,dutch edm
1372,edm
1372,pop
1372,pop dance
1372,progressive house
1372,tropical house
1373,electropop
1373,pop
1373,pop rap
1374,latin
1374,reggaeton
1374,reggaeton colombiano
1375,pop
1375,post-teen pop
1376,latin
1376,reggaeton
1376,trap latino
1377,latin
1377,latin pop
1377,reggaeton
1377,reggaeton flow
1377,trap latino
1378,electropop
1378,pop
1379,dance pop
1379,escape room
1379,minnesota hip hop
1379,pop
1379,pop rap
1379,post-teen pop
1379,trap queen
1380,NA
1381,k-pop
1381,k-pop boy group
1382,k-pop
1382,k-pop boy group
1383,k-pop
1383,k-pop boy group
1384,k-pop
1384,k-pop boy group
1385,k-pop
1385,k-pop boy group
1386,k-pop
1386,k-pop boy group
1387,k-pop
1387,k-pop boy group
1388,k-pop
1388,k-pop boy group
1389,k-pop
1389,k-pop boy group
1390,k-pop
1390,k-pop boy group
1391,brega funk
1391,funk carioca
1392,latin
1392,reggaeton
1392,trap latino
1393,detroit hip hop
1393,hip hop
1393,rap
1394,electropop
1394,pop
1395,funk carioca
1396,atl hip hop
1396,hip hop
1396,melodic rap
1396,pop r&b
1396,pop rap
1396,r&b
1396,rap
1396,southern hip hop
1396,trap
1397,latin
1397,panamanian pop
1397,reggaeton
1397,trap latino
1398,dance pop
1398,edm
1398,electro house
1398,moombahton
1398,pop
1398,pop dance
1398,pop rap
1399,german cloud rap
1399,german hip hop
1400,NA
1401,NA
1402,latin
1402,r&b en espanol
1402,reggaeton
1402,trap latino
1403,atl hip hop
1403,pop rap
1403,rap
1403,trap
1404,canadian pop
1404,pop
1404,post-teen pop
1405,canadian pop
1405,pop
1405,post-teen pop
1406,canadian pop
1406,pop
1406,post-teen pop
1407,canadian pop
1407,pop
1407,post-teen pop
1408,canadian pop
1408,pop
1408,post-teen pop
1409,canadian pop
1409,pop
1409,post-teen pop
1410,canadian pop
1410,pop
1410,post-teen pop
1411,australian psych
1411,neo-psychedelic
1412,canadian pop
1412,pop
1412,post-teen pop
1413,canadian pop
1413,pop
1413,post-teen pop
1414,german drill
1414,german hip hop
1415,canadian pop
1415,pop
1415,post-teen pop
1416,australian psych
1416,neo-psychedelic
1417,canadian pop
1417,pop
1417,post-teen pop
1418,boy band
1418,dance pop
1418,electropop
1418,pop
1418,post-teen pop
1419,melodic rap
1419,pop rap
1419,rap
1419,trap
1420,canadian pop
1420,pop
1420,post-teen pop
1421,NA
1422,german hip hop
1423,australian psych
1423,neo-psychedelic
1424,hip hop
1424,pittsburgh rap
1424,rap
1425,electropop
1425,pop
1426,pop
1426,post-teen pop
1427,australian psych
1427,neo-psychedelic
1428,canadian pop
1428,pop
1428,post-teen pop
1429,NA
1430,dance pop
1430,pop
1430,post-teen pop
1430,uk pop
1431,canadian pop
1431,pop
1431,post-teen pop
1432,dance pop
1432,hip pop
1432,pop
1432,pop rap
1432,post-teen pop
1432,queens hip hop
1433,chill r&b
1433,pop
1434,dance pop
1434,pop
1434,pop dance
1434,post-teen pop
1434,tropical house
1434,uk pop
1435,rap
1435,trap
1436,dance pop
1436,escape room
1436,minnesota hip hop
1436,pop
1436,pop rap
1436,post-teen pop
1436,trap queen
1437,hip hop
1437,new orleans rap
1437,pop rap
1437,rap
1437,trap
1438,canadian pop
1438,pop
1438,post-teen pop
1439,r&b en espanol
1440,latin
1440,reggaeton
1440,trap latino
1441,hip hop
1441,rap
1442,colombian pop
1442,latin
1442,latin pop
1442,reggaeton
1442,reggaeton colombiano
1442,trap latino
1443,dance pop
1443,edm
1443,electronic trap
1443,pop
1443,pop dance
1444,k-pop
1444,k-pop girl group
1445,north carolina hip hop
1445,rap
1446,r&b en espanol
1447,boy band
1447,dance pop
1447,pop
1447,post-teen pop
1448,pop
1449,pop
1450,atl hip hop
1450,hip hop
1450,melodic rap
1450,rap
1450,trap
1451,german hip hop
1452,NA
1453,conscious hip hop
1453,hip hop
1453,north carolina hip hop
1453,rap
1454,latin
1454,panamanian pop
1454,reggaeton
1454,trap latino
1455,pop rap
1455,rhode island rap
1456,NA
1457,detroit hip hop
1457,hip hop
1457,rap
1458,german hip hop
1459,new wave pop
1460,frauenrap
1460,german hip hop
1460,german pop
1461,dance pop
1461,electropop
1461,etherpop
1461,indie poptimism
1461,pop
1461,post-teen pop
1462,uk hip hop
1463,dance pop
1463,house
1463,pop dance
1463,tropical house
1463,uk dance
1464,colombian pop
1464,dance pop
1464,latin
1464,latin pop
1464,pop
1465,dance pop
1465,electropop
1465,pop
1465,post-teen pop
1466,hip hop
1466,philly rap
1466,pop rap
1466,rap
1466,southern hip hop
1466,trap
1467,pop
1467,post-teen pop
1468,lgbtq+ hip hop
1468,pop rap
1469,electropop
1469,pop
1470,atl hip hop
1470,atl trap
1470,gangster rap
1470,hip hop
1470,melodic rap
1470,pop rap
1470,rap
1470,trap
1471,melodic rap
1471,trap
1472,detroit hip hop
1472,hip hop
1472,rap
1473,detroit hip hop
1473,hip hop
1473,rap
1474,hip hop
1474,pittsburgh rap
1474,rap
1475,sertanejo pop
1475,sertanejo universitario
1476,detroit hip hop
1476,hip hop
1476,rap
1477,deep german hip hop
1477,german hip hop
1477,hamburg hip hop
1478,detroit hip hop
1478,hip hop
1478,rap
1479,german hip hop
1480,houston rap
1480,pop
1480,pop rap
1480,trap queen
1481,NA
1482,basshall
1482,turkish trap
1483,chicago rap
1483,melodic rap
1484,latin
1484,reggaeton
1484,reggaeton colombiano
1485,dance pop
1485,edm
1485,electro house
1485,pop
1485,pop dance
1485,pop edm
1485,tropical house
1486,detroit hip hop
1486,hip hop
1486,rap
1487,detroit hip hop
1487,hip hop
1487,rap
1488,hip hop
1488,pittsburgh rap
1488,rap
1489,hip hop
1489,pittsburgh rap
1489,rap
1490,detroit hip hop
1490,hip hop
1490,rap
1491,hip hop
1491,pittsburgh rap
1491,rap
1492,detroit hip hop
1492,hip hop
1492,rap
1493,detroit hip hop
1493,hip hop
1493,rap
1494,detroit hip hop
1494,hip hop
1494,rap
1495,detroit hip hop
1495,hip hop
1495,rap
1496,detroit hip hop
1496,hip hop
1496,rap
1497,hip hop
1497,pittsburgh rap
1497,rap
1498,detroit hip hop
1498,hip hop
1498,rap
1499,hip hop
1499,pittsburgh rap
1499,rap
1500,detroit hip hop
1500,hip hop
1500,rap
1501,detroit hip hop
1501,hip hop
1501,rap
1502,detroit hip hop
1502,hip hop
1502,rap
1503,dance pop
1503,electropop
1503,etherpop
1503,indie poptimism
1503,pop
1503,post-teen pop
1504,hip hop
1504,pittsburgh rap
1504,rap
1505,hip hop
1505,pittsburgh rap
1505,rap
1506,hip hop
1506,pittsburgh rap
1506,rap
1507,german cloud rap
1507,german hip hop
1508,hip hop
1508,pittsburgh rap
1508,rap
1509,francoton
1509,french hip hop
1509,pop urbaine
1509,rap francais
1510,francoton
1510,french hip hop
1510,pop urbaine
1510,rap francais
1511,dance pop
1511,pop
1511,post-teen pop
1512,dance pop
1512,pop
1512,post-teen pop
1513,dance pop
1513,pop
1513,post-teen pop
1514,dance pop
1514,pop
1514,post-teen pop
1515,dance pop
1515,pop
1515,post-teen pop
1516,pop
1517,dance pop
1517,pop
1517,post-teen pop
1518,NA
1519,dance pop
1519,pop
1519,post-teen pop
1520,dance pop
1520,pop
1520,post-teen pop
1521,melodic rap
1521,rap
1521,rap conscient
1521,trap
1521,vapor trap
1522,dfw rap
1522,melodic rap
1522,rap
1523,melodic rap
1523,rap
1523,trap
1524,melodic rap
1524,rap
1524,trap
1525,houston rap
1525,pop
1525,pop rap
1525,trap queen
1526,dance pop
1526,edm
1526,pop
1526,pop dance
1526,post-teen pop
1526,tropical house
1526,uk pop
1527,melodic rap
1527,rap
1527,trap
1528,latin
1528,latin pop
1528,puerto rican pop
1529,dance pop
1529,pop
1529,post-teen pop
1530,dance pop
1530,pop
1530,post-teen pop
1531,dance pop
1531,pop
1531,pop dance
1531,post-teen pop
1531,tropical house
1531,uk pop
1532,dance pop
1532,edm
1532,electronic trap
1532,pop
1532,pop dance
1533,dance pop
1533,edm
1533,electropop
1533,pop
1533,pop dance
1533,tropical house
1534,rap
1534,trap
1535,rap
1535,trap
1536,rap
1536,trap
1537,gangster rap
1537,hip hop
1537,pop rap
1537,rap
1537,southern hip hop
1537,trap
1538,cali rap
1539,NA
1540,german hip hop
1541,dance pop
1541,pop
1541,post-teen pop
1542,dance pop
1542,edm
1542,electro house
1542,house
1542,pop
1542,progressive house
1542,uk dance
1543,latin
1543,puerto rican pop
1543,reggaeton
1543,trap latino
1544,electropop
1544,pop
1545,rap
1545,trap
1546,dance pop
1546,pop
1547,rap
1547,trap
1548,funk carioca
1548,funk pop
1548,pagode baiano
1548,pop nacional
1549,lgbtq+ hip hop
1549,pop rap
1550,chicago rap
1550,melodic rap
1551,francoton
1551,french hip hop
1551,pop urbaine
1551,rap francais
1552,dance pop
1552,pop
1552,uk pop
1553,sertanejo
1553,sertanejo universitario
1554,dance pop
1554,electropop
1554,pop
1554,post-teen pop
1555,brega funk
1555,funk carioca
1556,pop
1556,post-teen pop
